<?xml version="1.0" encoding="utf-8"?>
<Element xmlns:xsi="http://www.w3.org/2001/XMLSchema-instance" xmlns:xsd="http://www.w3.org/2001/XMLSchema" Name="4639" ShortName="Прямоугольник" UngroupedName="Примитивы.Прямоугольник" Tag="4639">
  <ID TaskNumber="0" ItemID="4639" RawItemID="0" TypeHash="0" Path="" STType="" UIDType="Inner">
    <Owner TaskNumber="0" ItemID="4639" RawItemID="0" TypeHash="0" STType="" UIDType="Inner" />
  </ID>
  <UsedSTTypes>
    <string>HMI.ResourceType</string>
    <string>DINT</string>
    <string>LREAL</string>
    <string>HMI.BorderStyleType</string>
    <string>STRING</string>
    <string>HMI.SolidColorType</string>
    <string>HMI.GradientColorType</string>
    <string>BOOL</string>
    <string>HMI.TileType</string>
    <string>HMI.DockType</string>
    <string>HMI.HorizontalAlignType</string>
    <string>HMI.VerticalAlignType</string>
    <string>HMI.MouseCursorKinds</string>
    <string>HMI.SizeType</string>
    <string>HMI.ProportionType</string>
  </UsedSTTypes>
  <Parameters>
    <Parameter Name="Образ" ShortName="4569" Tag="4569" Role="SkinResource" Value="">
      <ID TaskNumber="0" ItemID="4569" RawItemID="0" TypeHash="4" Path="" STType="HMI.ResourceType" UIDType="Inner">
        <Owner TaskNumber="0" ItemID="4639" RawItemID="0" TypeHash="0" Path="" STType="" UIDType="Inner">
          <Owner TaskNumber="0" ItemID="4639" RawItemID="0" TypeHash="0" STType="" UIDType="Inner" />
        </Owner>
      </ID>
      <Parent TaskNumber="0" ItemID="4639" RawItemID="0" TypeHash="0" Path="" STType="" UIDType="Inner">
        <Owner TaskNumber="0" ItemID="4639" RawItemID="0" TypeHash="0" STType="" UIDType="Inner" />
      </Parent>
      <IsValueFromTheme>false</IsValueFromTheme>
      <HasSubTypeName>true</HasSubTypeName>
      <Exclude>false</Exclude>
      <Connections />
      <IsDynamized>false</IsDynamized>
      <ContiniuosUpdate>false</ContiniuosUpdate>
    </Parameter>
    <Parameter Name="Порядок Z" ShortName="4570" Tag="4570" Role="Z" Value="0">
      <ID TaskNumber="0" ItemID="4570" RawItemID="0" TypeHash="6" Path="" STType="DINT" UIDType="Inner">
        <Owner TaskNumber="0" ItemID="4639" RawItemID="0" TypeHash="0" Path="" STType="" UIDType="Inner">
          <Owner TaskNumber="0" ItemID="4639" RawItemID="0" TypeHash="0" STType="" UIDType="Inner" />
        </Owner>
      </ID>
      <Parent TaskNumber="0" ItemID="4639" RawItemID="0" TypeHash="0" Path="" STType="" UIDType="Inner">
        <Owner TaskNumber="0" ItemID="4639" RawItemID="0" TypeHash="0" STType="" UIDType="Inner" />
      </Parent>
      <IsValueFromTheme>false</IsValueFromTheme>
      <HasSubTypeName>true</HasSubTypeName>
      <Exclude>false</Exclude>
      <Connections />
      <IsDynamized>false</IsDynamized>
      <ContiniuosUpdate>false</ContiniuosUpdate>
    </Parameter>
    <Parameter Name="Ширина" ShortName="4547" Tag="4547" Role="Width" Value="50">
      <ID TaskNumber="0" ItemID="4547" RawItemID="0" TypeHash="1" Path="" STType="LREAL" UIDType="Inner">
        <Owner TaskNumber="0" ItemID="4639" RawItemID="0" TypeHash="0" Path="" STType="" UIDType="Inner">
          <Owner TaskNumber="0" ItemID="4639" RawItemID="0" TypeHash="0" STType="" UIDType="Inner" />
        </Owner>
      </ID>
      <Parent TaskNumber="0" ItemID="4639" RawItemID="0" TypeHash="0" Path="" STType="" UIDType="Inner">
        <Owner TaskNumber="0" ItemID="4639" RawItemID="0" TypeHash="0" STType="" UIDType="Inner" />
      </Parent>
      <IsValueFromTheme>false</IsValueFromTheme>
      <HasSubTypeName>true</HasSubTypeName>
      <Exclude>false</Exclude>
      <Connections />
      <IsDynamized>false</IsDynamized>
      <ContiniuosUpdate>false</ContiniuosUpdate>
    </Parameter>
    <Parameter Name="Высота" ShortName="4548" Tag="4548" Role="Height" Value="50">
      <ID TaskNumber="0" ItemID="4548" RawItemID="0" TypeHash="1" Path="" STType="LREAL" UIDType="Inner">
        <Owner TaskNumber="0" ItemID="4639" RawItemID="0" TypeHash="0" Path="" STType="" UIDType="Inner">
          <Owner TaskNumber="0" ItemID="4639" RawItemID="0" TypeHash="0" STType="" UIDType="Inner" />
        </Owner>
      </ID>
      <Parent TaskNumber="0" ItemID="4639" RawItemID="0" TypeHash="0" Path="" STType="" UIDType="Inner">
        <Owner TaskNumber="0" ItemID="4639" RawItemID="0" TypeHash="0" STType="" UIDType="Inner" />
      </Parent>
      <IsValueFromTheme>false</IsValueFromTheme>
      <HasSubTypeName>true</HasSubTypeName>
      <Exclude>false</Exclude>
      <Connections />
      <IsDynamized>false</IsDynamized>
      <ContiniuosUpdate>false</ContiniuosUpdate>
    </Parameter>
    <Parameter Name="Масштаб Y" ShortName="4551" Tag="4551" Role="ScaleY" Value="1">
      <ID TaskNumber="0" ItemID="4551" RawItemID="0" TypeHash="1" Path="" STType="LREAL" UIDType="Inner">
        <Owner TaskNumber="0" ItemID="4639" RawItemID="0" TypeHash="0" Path="" STType="" UIDType="Inner">
          <Owner TaskNumber="0" ItemID="4639" RawItemID="0" TypeHash="0" STType="" UIDType="Inner" />
        </Owner>
      </ID>
      <Parent TaskNumber="0" ItemID="4639" RawItemID="0" TypeHash="0" Path="" STType="" UIDType="Inner">
        <Owner TaskNumber="0" ItemID="4639" RawItemID="0" TypeHash="0" STType="" UIDType="Inner" />
      </Parent>
      <IsValueFromTheme>false</IsValueFromTheme>
      <HasSubTypeName>true</HasSubTypeName>
      <Exclude>false</Exclude>
      <Connections />
      <IsDynamized>false</IsDynamized>
      <ContiniuosUpdate>false</ContiniuosUpdate>
    </Parameter>
    <Parameter Name="Угол поворота" ShortName="4549" Tag="4549" Role="Angle" Value="0">
      <ID TaskNumber="0" ItemID="4549" RawItemID="0" TypeHash="1" Path="" STType="LREAL" UIDType="Inner">
        <Owner TaskNumber="0" ItemID="4639" RawItemID="0" TypeHash="0" Path="" STType="" UIDType="Inner">
          <Owner TaskNumber="0" ItemID="4639" RawItemID="0" TypeHash="0" STType="" UIDType="Inner" />
        </Owner>
      </ID>
      <Parent TaskNumber="0" ItemID="4639" RawItemID="0" TypeHash="0" Path="" STType="" UIDType="Inner">
        <Owner TaskNumber="0" ItemID="4639" RawItemID="0" TypeHash="0" STType="" UIDType="Inner" />
      </Parent>
      <IsValueFromTheme>false</IsValueFromTheme>
      <HasSubTypeName>true</HasSubTypeName>
      <Exclude>false</Exclude>
      <Connections />
      <IsDynamized>false</IsDynamized>
      <ContiniuosUpdate>false</ContiniuosUpdate>
    </Parameter>
    <Parameter Name="Масштаб X" ShortName="4550" Tag="4550" Role="ScaleX" Value="1">
      <ID TaskNumber="0" ItemID="4550" RawItemID="0" TypeHash="1" Path="" STType="LREAL" UIDType="Inner">
        <Owner TaskNumber="0" ItemID="4639" RawItemID="0" TypeHash="0" Path="" STType="" UIDType="Inner">
          <Owner TaskNumber="0" ItemID="4639" RawItemID="0" TypeHash="0" STType="" UIDType="Inner" />
        </Owner>
      </ID>
      <Parent TaskNumber="0" ItemID="4639" RawItemID="0" TypeHash="0" Path="" STType="" UIDType="Inner">
        <Owner TaskNumber="0" ItemID="4639" RawItemID="0" TypeHash="0" STType="" UIDType="Inner" />
      </Parent>
      <IsValueFromTheme>false</IsValueFromTheme>
      <HasSubTypeName>true</HasSubTypeName>
      <Exclude>false</Exclude>
      <Connections />
      <IsDynamized>false</IsDynamized>
      <ContiniuosUpdate>false</ContiniuosUpdate>
    </Parameter>
    <Parameter Name="Толщина линии" ShortName="4552" Tag="4552" Role="BorderThickness" Value="2">
      <ID TaskNumber="0" ItemID="4552" RawItemID="0" TypeHash="1" Path="" STType="LREAL" UIDType="Inner">
        <Owner TaskNumber="0" ItemID="4639" RawItemID="0" TypeHash="0" Path="" STType="" UIDType="Inner">
          <Owner TaskNumber="0" ItemID="4639" RawItemID="0" TypeHash="0" STType="" UIDType="Inner" />
        </Owner>
      </ID>
      <Parent TaskNumber="0" ItemID="4639" RawItemID="0" TypeHash="0" Path="" STType="" UIDType="Inner">
        <Owner TaskNumber="0" ItemID="4639" RawItemID="0" TypeHash="0" STType="" UIDType="Inner" />
      </Parent>
      <IsValueFromTheme>false</IsValueFromTheme>
      <HasSubTypeName>true</HasSubTypeName>
      <Exclude>false</Exclude>
      <Connections />
      <IsDynamized>false</IsDynamized>
      <ContiniuosUpdate>false</ContiniuosUpdate>
    </Parameter>
    <Parameter Name="Стиль линии" ShortName="4566" Tag="4566" Role="BorderStyle" Value="0">
      <ID TaskNumber="0" ItemID="4566" RawItemID="0" TypeHash="5" Path="" STType="HMI.BorderStyleType" UIDType="Inner">
        <Owner TaskNumber="0" ItemID="4639" RawItemID="0" TypeHash="0" Path="" STType="" UIDType="Inner">
          <Owner TaskNumber="0" ItemID="4639" RawItemID="0" TypeHash="0" STType="" UIDType="Inner" />
        </Owner>
      </ID>
      <Parent TaskNumber="0" ItemID="4639" RawItemID="0" TypeHash="0" Path="" STType="" UIDType="Inner">
        <Owner TaskNumber="0" ItemID="4639" RawItemID="0" TypeHash="0" STType="" UIDType="Inner" />
      </Parent>
      <IsValueFromTheme>false</IsValueFromTheme>
      <HasSubTypeName>true</HasSubTypeName>
      <Exclude>false</Exclude>
      <Connections />
      <IsDynamized>false</IsDynamized>
      <ContiniuosUpdate>false</ContiniuosUpdate>
    </Parameter>
    <Parameter Name="Всплывающая подсказка" ShortName="4562" Tag="4562" Role="ToolTip" Value="">
      <ID TaskNumber="0" ItemID="4562" RawItemID="0" TypeHash="4" Path="" STType="STRING" UIDType="Inner">
        <Owner TaskNumber="0" ItemID="4639" RawItemID="0" TypeHash="0" Path="" STType="" UIDType="Inner">
          <Owner TaskNumber="0" ItemID="4639" RawItemID="0" TypeHash="0" STType="" UIDType="Inner" />
        </Owner>
      </ID>
      <Parent TaskNumber="0" ItemID="4639" RawItemID="0" TypeHash="0" Path="" STType="" UIDType="Inner">
        <Owner TaskNumber="0" ItemID="4639" RawItemID="0" TypeHash="0" STType="" UIDType="Inner" />
      </Parent>
      <IsValueFromTheme>false</IsValueFromTheme>
      <HasSubTypeName>true</HasSubTypeName>
      <Exclude>false</Exclude>
      <Connections />
      <IsDynamized>false</IsDynamized>
      <ContiniuosUpdate>false</ContiniuosUpdate>
    </Parameter>
    <Parameter Name="Цвет линии" ShortName="4557" Tag="4557" Role="BorderColor" Value="rgb(0,0,0)">
      <ID TaskNumber="0" ItemID="4557" RawItemID="0" TypeHash="4" Path="" STType="HMI.SolidColorType" UIDType="Inner">
        <Owner TaskNumber="0" ItemID="4639" RawItemID="0" TypeHash="0" Path="" STType="" UIDType="Inner">
          <Owner TaskNumber="0" ItemID="4639" RawItemID="0" TypeHash="0" STType="" UIDType="Inner" />
        </Owner>
      </ID>
      <Parent TaskNumber="0" ItemID="4639" RawItemID="0" TypeHash="0" Path="" STType="" UIDType="Inner">
        <Owner TaskNumber="0" ItemID="4639" RawItemID="0" TypeHash="0" STType="" UIDType="Inner" />
      </Parent>
      <IsValueFromTheme>false</IsValueFromTheme>
      <HasSubTypeName>true</HasSubTypeName>
      <Exclude>false</Exclude>
      <Connections />
      <IsDynamized>false</IsDynamized>
      <ContiniuosUpdate>false</ContiniuosUpdate>
    </Parameter>
    <Parameter Name="Заливка фона" ShortName="4558" Tag="4558" Role="BackgroundColor" Value="TRANSPARENT">
      <ID TaskNumber="0" ItemID="4558" RawItemID="0" TypeHash="4" Path="" STType="HMI.GradientColorType" UIDType="Inner">
        <Owner TaskNumber="0" ItemID="4639" RawItemID="0" TypeHash="0" Path="" STType="" UIDType="Inner">
          <Owner TaskNumber="0" ItemID="4639" RawItemID="0" TypeHash="0" STType="" UIDType="Inner" />
        </Owner>
      </ID>
      <Parent TaskNumber="0" ItemID="4639" RawItemID="0" TypeHash="0" Path="" STType="" UIDType="Inner">
        <Owner TaskNumber="0" ItemID="4639" RawItemID="0" TypeHash="0" STType="" UIDType="Inner" />
      </Parent>
      <IsValueFromTheme>false</IsValueFromTheme>
      <HasSubTypeName>true</HasSubTypeName>
      <Exclude>false</Exclude>
      <Connections />
      <IsDynamized>false</IsDynamized>
      <ContiniuosUpdate>false</ContiniuosUpdate>
    </Parameter>
    <Parameter Name="Прозрачность" ShortName="4553" Tag="4553" Role="Opacity" Value="100">
      <ID TaskNumber="0" ItemID="4553" RawItemID="0" TypeHash="1" Path="" STType="LREAL" UIDType="Inner">
        <Owner TaskNumber="0" ItemID="4639" RawItemID="0" TypeHash="0" Path="" STType="" UIDType="Inner">
          <Owner TaskNumber="0" ItemID="4639" RawItemID="0" TypeHash="0" STType="" UIDType="Inner" />
        </Owner>
      </ID>
      <Parent TaskNumber="0" ItemID="4639" RawItemID="0" TypeHash="0" Path="" STType="" UIDType="Inner">
        <Owner TaskNumber="0" ItemID="4639" RawItemID="0" TypeHash="0" STType="" UIDType="Inner" />
      </Parent>
      <IsValueFromTheme>false</IsValueFromTheme>
      <HasSubTypeName>true</HasSubTypeName>
      <Exclude>false</Exclude>
      <Connections />
      <IsDynamized>false</IsDynamized>
      <ContiniuosUpdate>false</ContiniuosUpdate>
    </Parameter>
    <Parameter Name="Геометрия" ShortName="4554" Tag="4554" Role="BorderGeometry" Value="RECT">
      <ID TaskNumber="0" ItemID="4554" RawItemID="0" TypeHash="4" Path="" STType="STRING" UIDType="Inner">
        <Owner TaskNumber="0" ItemID="4639" RawItemID="0" TypeHash="0" Path="" STType="" UIDType="Inner">
          <Owner TaskNumber="0" ItemID="4639" RawItemID="0" TypeHash="0" STType="" UIDType="Inner" />
        </Owner>
      </ID>
      <Parent TaskNumber="0" ItemID="4639" RawItemID="0" TypeHash="0" Path="" STType="" UIDType="Inner">
        <Owner TaskNumber="0" ItemID="4639" RawItemID="0" TypeHash="0" STType="" UIDType="Inner" />
      </Parent>
      <IsValueFromTheme>false</IsValueFromTheme>
      <HasSubTypeName>true</HasSubTypeName>
      <Exclude>false</Exclude>
      <Connections />
      <IsDynamized>false</IsDynamized>
      <ContiniuosUpdate>false</ContiniuosUpdate>
    </Parameter>
    <Parameter Name="Мигание" ShortName="4556" Tag="4556" Role="Flash" Value="False">
      <ID TaskNumber="0" ItemID="4556" RawItemID="0" TypeHash="3" Path="" STType="BOOL" UIDType="Inner">
        <Owner TaskNumber="0" ItemID="4639" RawItemID="0" TypeHash="0" Path="" STType="" UIDType="Inner">
          <Owner TaskNumber="0" ItemID="4639" RawItemID="0" TypeHash="0" STType="" UIDType="Inner" />
        </Owner>
      </ID>
      <Parent TaskNumber="0" ItemID="4639" RawItemID="0" TypeHash="0" Path="" STType="" UIDType="Inner">
        <Owner TaskNumber="0" ItemID="4639" RawItemID="0" TypeHash="0" STType="" UIDType="Inner" />
      </Parent>
      <IsValueFromTheme>false</IsValueFromTheme>
      <HasSubTypeName>true</HasSubTypeName>
      <Exclude>false</Exclude>
      <Connections />
      <IsDynamized>false</IsDynamized>
      <ContiniuosUpdate>false</ContiniuosUpdate>
    </Parameter>
    <Parameter Name="Размер тени" ShortName="4555" Tag="4555" Role="ShadowSize" Value="0">
      <ID TaskNumber="0" ItemID="4555" RawItemID="0" TypeHash="6" Path="" STType="DINT" UIDType="Inner">
        <Owner TaskNumber="0" ItemID="4639" RawItemID="0" TypeHash="0" Path="" STType="" UIDType="Inner">
          <Owner TaskNumber="0" ItemID="4639" RawItemID="0" TypeHash="0" STType="" UIDType="Inner" />
        </Owner>
      </ID>
      <Parent TaskNumber="0" ItemID="4639" RawItemID="0" TypeHash="0" Path="" STType="" UIDType="Inner">
        <Owner TaskNumber="0" ItemID="4639" RawItemID="0" TypeHash="0" STType="" UIDType="Inner" />
      </Parent>
      <IsValueFromTheme>false</IsValueFromTheme>
      <HasSubTypeName>true</HasSubTypeName>
      <Exclude>false</Exclude>
      <Connections />
      <IsDynamized>false</IsDynamized>
      <ContiniuosUpdate>false</ContiniuosUpdate>
    </Parameter>
    <Parameter Name="Цвет тени" ShortName="4559" Tag="4559" Role="ShadowColor" Value="rgb(240,240,240)">
      <ID TaskNumber="0" ItemID="4559" RawItemID="0" TypeHash="4" Path="" STType="HMI.SolidColorType" UIDType="Inner">
        <Owner TaskNumber="0" ItemID="4639" RawItemID="0" TypeHash="0" Path="" STType="" UIDType="Inner">
          <Owner TaskNumber="0" ItemID="4639" RawItemID="0" TypeHash="0" STType="" UIDType="Inner" />
        </Owner>
      </ID>
      <Parent TaskNumber="0" ItemID="4639" RawItemID="0" TypeHash="0" Path="" STType="" UIDType="Inner">
        <Owner TaskNumber="0" ItemID="4639" RawItemID="0" TypeHash="0" STType="" UIDType="Inner" />
      </Parent>
      <IsValueFromTheme>false</IsValueFromTheme>
      <HasSubTypeName>true</HasSubTypeName>
      <Exclude>false</Exclude>
      <Connections />
      <IsDynamized>false</IsDynamized>
      <ContiniuosUpdate>false</ContiniuosUpdate>
    </Parameter>
    <Parameter Name="Изображение фона" ShortName="4560" Tag="4560" Role="Resource" Value="">
      <ID TaskNumber="0" ItemID="4560" RawItemID="0" TypeHash="4" Path="" STType="HMI.ResourceType" UIDType="Inner">
        <Owner TaskNumber="0" ItemID="4639" RawItemID="0" TypeHash="0" Path="" STType="" UIDType="Inner">
          <Owner TaskNumber="0" ItemID="4639" RawItemID="0" TypeHash="0" STType="" UIDType="Inner" />
        </Owner>
      </ID>
      <Parent TaskNumber="0" ItemID="4639" RawItemID="0" TypeHash="0" Path="" STType="" UIDType="Inner">
        <Owner TaskNumber="0" ItemID="4639" RawItemID="0" TypeHash="0" STType="" UIDType="Inner" />
      </Parent>
      <IsValueFromTheme>false</IsValueFromTheme>
      <HasSubTypeName>true</HasSubTypeName>
      <Exclude>false</Exclude>
      <Connections />
      <IsDynamized>false</IsDynamized>
      <ContiniuosUpdate>false</ContiniuosUpdate>
    </Parameter>
    <Parameter Name="Замостка фона" ShortName="4561" Tag="4561" Role="BackgroundTile" Value="2">
      <ID TaskNumber="0" ItemID="4561" RawItemID="0" TypeHash="5" Path="" STType="HMI.TileType" UIDType="Inner">
        <Owner TaskNumber="0" ItemID="4639" RawItemID="0" TypeHash="0" Path="" STType="" UIDType="Inner">
          <Owner TaskNumber="0" ItemID="4639" RawItemID="0" TypeHash="0" STType="" UIDType="Inner" />
        </Owner>
      </ID>
      <Parent TaskNumber="0" ItemID="4639" RawItemID="0" TypeHash="0" Path="" STType="" UIDType="Inner">
        <Owner TaskNumber="0" ItemID="4639" RawItemID="0" TypeHash="0" STType="" UIDType="Inner" />
      </Parent>
      <IsValueFromTheme>false</IsValueFromTheme>
      <HasSubTypeName>true</HasSubTypeName>
      <Exclude>false</Exclude>
      <Connections />
      <IsDynamized>false</IsDynamized>
      <ContiniuosUpdate>false</ContiniuosUpdate>
    </Parameter>
    <Parameter Name="Видимость" ShortName="4563" Tag="4563" Role="IsVisible" Value="True">
      <ID TaskNumber="0" ItemID="4563" RawItemID="0" TypeHash="3" Path="" STType="BOOL" UIDType="Inner">
        <Owner TaskNumber="0" ItemID="4639" RawItemID="0" TypeHash="0" Path="" STType="" UIDType="Inner">
          <Owner TaskNumber="0" ItemID="4639" RawItemID="0" TypeHash="0" STType="" UIDType="Inner" />
        </Owner>
      </ID>
      <Parent TaskNumber="0" ItemID="4639" RawItemID="0" TypeHash="0" Path="" STType="" UIDType="Inner">
        <Owner TaskNumber="0" ItemID="4639" RawItemID="0" TypeHash="0" STType="" UIDType="Inner" />
      </Parent>
      <IsValueFromTheme>false</IsValueFromTheme>
      <HasSubTypeName>true</HasSubTypeName>
      <Exclude>false</Exclude>
      <Connections />
      <IsDynamized>false</IsDynamized>
      <ContiniuosUpdate>false</ContiniuosUpdate>
    </Parameter>
    <Parameter Name="Активность" ShortName="4564" Tag="4564" Role="IsEnabled" Value="True">
      <ID TaskNumber="0" ItemID="4564" RawItemID="0" TypeHash="3" Path="" STType="BOOL" UIDType="Inner">
        <Owner TaskNumber="0" ItemID="4639" RawItemID="0" TypeHash="0" Path="" STType="" UIDType="Inner">
          <Owner TaskNumber="0" ItemID="4639" RawItemID="0" TypeHash="0" STType="" UIDType="Inner" />
        </Owner>
      </ID>
      <Parent TaskNumber="0" ItemID="4639" RawItemID="0" TypeHash="0" Path="" STType="" UIDType="Inner">
        <Owner TaskNumber="0" ItemID="4639" RawItemID="0" TypeHash="0" STType="" UIDType="Inner" />
      </Parent>
      <IsValueFromTheme>false</IsValueFromTheme>
      <HasSubTypeName>true</HasSubTypeName>
      <Exclude>false</Exclude>
      <Connections />
      <IsDynamized>false</IsDynamized>
      <ContiniuosUpdate>false</ContiniuosUpdate>
    </Parameter>
    <Parameter Name="Клавиатурный индекс" ShortName="4565" Tag="4565" Role="TabIndex" Value="0">
      <ID TaskNumber="0" ItemID="4565" RawItemID="0" TypeHash="6" Path="" STType="DINT" UIDType="Inner">
        <Owner TaskNumber="0" ItemID="4639" RawItemID="0" TypeHash="0" Path="" STType="" UIDType="Inner">
          <Owner TaskNumber="0" ItemID="4639" RawItemID="0" TypeHash="0" STType="" UIDType="Inner" />
        </Owner>
      </ID>
      <Parent TaskNumber="0" ItemID="4639" RawItemID="0" TypeHash="0" Path="" STType="" UIDType="Inner">
        <Owner TaskNumber="0" ItemID="4639" RawItemID="0" TypeHash="0" STType="" UIDType="Inner" />
      </Parent>
      <IsValueFromTheme>false</IsValueFromTheme>
      <HasSubTypeName>true</HasSubTypeName>
      <Exclude>false</Exclude>
      <Connections />
      <IsDynamized>false</IsDynamized>
      <ContiniuosUpdate>false</ContiniuosUpdate>
    </Parameter>
    <Parameter Name="Координата X" ShortName="4567" Tag="4567" Role="X" Value="0">
      <ID TaskNumber="0" ItemID="4567" RawItemID="0" TypeHash="1" Path="" STType="LREAL" UIDType="Inner">
        <Owner TaskNumber="0" ItemID="4639" RawItemID="0" TypeHash="0" Path="" STType="" UIDType="Inner">
          <Owner TaskNumber="0" ItemID="4639" RawItemID="0" TypeHash="0" STType="" UIDType="Inner" />
        </Owner>
      </ID>
      <Parent TaskNumber="0" ItemID="4639" RawItemID="0" TypeHash="0" Path="" STType="" UIDType="Inner">
        <Owner TaskNumber="0" ItemID="4639" RawItemID="0" TypeHash="0" STType="" UIDType="Inner" />
      </Parent>
      <IsValueFromTheme>false</IsValueFromTheme>
      <HasSubTypeName>true</HasSubTypeName>
      <Exclude>false</Exclude>
      <Connections />
      <IsDynamized>false</IsDynamized>
      <ContiniuosUpdate>false</ContiniuosUpdate>
    </Parameter>
    <Parameter Name="Координата Y" ShortName="4568" Tag="4568" Role="Y" Value="0">
      <ID TaskNumber="0" ItemID="4568" RawItemID="0" TypeHash="1" Path="" STType="LREAL" UIDType="Inner">
        <Owner TaskNumber="0" ItemID="4639" RawItemID="0" TypeHash="0" Path="" STType="" UIDType="Inner">
          <Owner TaskNumber="0" ItemID="4639" RawItemID="0" TypeHash="0" STType="" UIDType="Inner" />
        </Owner>
      </ID>
      <Parent TaskNumber="0" ItemID="4639" RawItemID="0" TypeHash="0" Path="" STType="" UIDType="Inner">
        <Owner TaskNumber="0" ItemID="4639" RawItemID="0" TypeHash="0" STType="" UIDType="Inner" />
      </Parent>
      <IsValueFromTheme>false</IsValueFromTheme>
      <HasSubTypeName>true</HasSubTypeName>
      <Exclude>false</Exclude>
      <Connections />
      <IsDynamized>false</IsDynamized>
      <ContiniuosUpdate>false</ContiniuosUpdate>
    </Parameter>
    <Parameter Name="Положение" ShortName="4571" Tag="4571" Role="DockStyle" Value="3">
      <ID TaskNumber="0" ItemID="4571" RawItemID="0" TypeHash="5" Path="" STType="HMI.DockType" UIDType="Inner">
        <Owner TaskNumber="0" ItemID="4639" RawItemID="0" TypeHash="0" Path="" STType="" UIDType="Inner">
          <Owner TaskNumber="0" ItemID="4639" RawItemID="0" TypeHash="0" STType="" UIDType="Inner" />
        </Owner>
      </ID>
      <Parent TaskNumber="0" ItemID="4639" RawItemID="0" TypeHash="0" Path="" STType="" UIDType="Inner">
        <Owner TaskNumber="0" ItemID="4639" RawItemID="0" TypeHash="0" STType="" UIDType="Inner" />
      </Parent>
      <IsValueFromTheme>false</IsValueFromTheme>
      <HasSubTypeName>true</HasSubTypeName>
      <Exclude>false</Exclude>
      <Connections />
      <IsDynamized>false</IsDynamized>
      <ContiniuosUpdate>false</ContiniuosUpdate>
    </Parameter>
    <Parameter Name="Горизонтальное выравнивание" ShortName="4572" Tag="4572" Role="HorizontalAlign" Value="1">
      <ID TaskNumber="0" ItemID="4572" RawItemID="0" TypeHash="5" Path="" STType="HMI.HorizontalAlignType" UIDType="Inner">
        <Owner TaskNumber="0" ItemID="4639" RawItemID="0" TypeHash="0" Path="" STType="" UIDType="Inner">
          <Owner TaskNumber="0" ItemID="4639" RawItemID="0" TypeHash="0" STType="" UIDType="Inner" />
        </Owner>
      </ID>
      <Parent TaskNumber="0" ItemID="4639" RawItemID="0" TypeHash="0" Path="" STType="" UIDType="Inner">
        <Owner TaskNumber="0" ItemID="4639" RawItemID="0" TypeHash="0" STType="" UIDType="Inner" />
      </Parent>
      <IsValueFromTheme>false</IsValueFromTheme>
      <HasSubTypeName>true</HasSubTypeName>
      <Exclude>false</Exclude>
      <Connections />
      <IsDynamized>false</IsDynamized>
      <ContiniuosUpdate>false</ContiniuosUpdate>
    </Parameter>
    <Parameter Name="Вертикальное выравнивание" ShortName="4573" Tag="4573" Role="VerticalAlign" Value="1">
      <ID TaskNumber="0" ItemID="4573" RawItemID="0" TypeHash="5" Path="" STType="HMI.VerticalAlignType" UIDType="Inner">
        <Owner TaskNumber="0" ItemID="4639" RawItemID="0" TypeHash="0" Path="" STType="" UIDType="Inner">
          <Owner TaskNumber="0" ItemID="4639" RawItemID="0" TypeHash="0" STType="" UIDType="Inner" />
        </Owner>
      </ID>
      <Parent TaskNumber="0" ItemID="4639" RawItemID="0" TypeHash="0" Path="" STType="" UIDType="Inner">
        <Owner TaskNumber="0" ItemID="4639" RawItemID="0" TypeHash="0" STType="" UIDType="Inner" />
      </Parent>
      <IsValueFromTheme>false</IsValueFromTheme>
      <HasSubTypeName>true</HasSubTypeName>
      <Exclude>false</Exclude>
      <Connections />
      <IsDynamized>false</IsDynamized>
      <ContiniuosUpdate>false</ContiniuosUpdate>
    </Parameter>
    <Parameter Name="Вид курсора" ShortName="4574" Tag="4574" Role="MouseCursorKind" Value="0">
      <ID TaskNumber="0" ItemID="4574" RawItemID="0" TypeHash="5" Path="" STType="HMI.MouseCursorKinds" UIDType="Inner">
        <Owner TaskNumber="0" ItemID="4639" RawItemID="0" TypeHash="0" Path="" STType="" UIDType="Inner">
          <Owner TaskNumber="0" ItemID="4639" RawItemID="0" TypeHash="0" STType="" UIDType="Inner" />
        </Owner>
      </ID>
      <Parent TaskNumber="0" ItemID="4639" RawItemID="0" TypeHash="0" Path="" STType="" UIDType="Inner">
        <Owner TaskNumber="0" ItemID="4639" RawItemID="0" TypeHash="0" STType="" UIDType="Inner" />
      </Parent>
      <IsValueFromTheme>false</IsValueFromTheme>
      <HasSubTypeName>true</HasSubTypeName>
      <Exclude>false</Exclude>
      <Connections />
      <IsDynamized>false</IsDynamized>
      <ContiniuosUpdate>false</ContiniuosUpdate>
    </Parameter>
    <Parameter Name="XType" ShortName="XType" Tag="0" Role="XType" Value="1">
      <ID TaskNumber="0" ItemID="4294967295" RawItemID="0" TypeHash="5" Path="" STType="HMI.SizeType" UIDType="Inner" />
      <IsValueFromTheme>false</IsValueFromTheme>
      <HasSubTypeName>true</HasSubTypeName>
      <Exclude>false</Exclude>
      <IsDynamized>false</IsDynamized>
      <ContiniuosUpdate>false</ContiniuosUpdate>
    </Parameter>
    <Parameter Name="YType" ShortName="YType" Tag="0" Role="YType" Value="1">
      <ID TaskNumber="0" ItemID="4294967294" RawItemID="0" TypeHash="5" Path="" STType="HMI.SizeType" UIDType="Inner" />
      <IsValueFromTheme>false</IsValueFromTheme>
      <HasSubTypeName>true</HasSubTypeName>
      <Exclude>false</Exclude>
      <IsDynamized>false</IsDynamized>
      <ContiniuosUpdate>false</ContiniuosUpdate>
    </Parameter>
    <Parameter Name="ProportionType" ShortName="ProportionType" Tag="0" Role="ProportionType" Value="4">
      <ID TaskNumber="0" ItemID="4294967293" RawItemID="0" TypeHash="5" Path="" STType="HMI.ProportionType" UIDType="Inner" />
      <IsValueFromTheme>false</IsValueFromTheme>
      <HasSubTypeName>true</HasSubTypeName>
      <Exclude>false</Exclude>
      <IsDynamized>false</IsDynamized>
      <ContiniuosUpdate>false</ContiniuosUpdate>
    </Parameter>
    <Parameter Name="WidthType" ShortName="WidthType" Tag="0" Role="WidthType" Value="1">
      <ID TaskNumber="0" ItemID="4294967292" RawItemID="0" TypeHash="5" Path="" STType="HMI.SizeType" UIDType="Inner" />
      <IsValueFromTheme>false</IsValueFromTheme>
      <HasSubTypeName>true</HasSubTypeName>
      <Exclude>false</Exclude>
      <IsDynamized>false</IsDynamized>
      <ContiniuosUpdate>false</ContiniuosUpdate>
    </Parameter>
    <Parameter Name="HeightType" ShortName="HeightType" Tag="0" Role="HeightType" Value="1">
      <ID TaskNumber="0" ItemID="4294967291" RawItemID="0" TypeHash="5" Path="" STType="HMI.SizeType" UIDType="Inner" />
      <IsValueFromTheme>false</IsValueFromTheme>
      <HasSubTypeName>true</HasSubTypeName>
      <Exclude>false</Exclude>
      <IsDynamized>false</IsDynamized>
      <ContiniuosUpdate>false</ContiniuosUpdate>
    </Parameter>
  </Parameters>
  <ObjectId>0</ObjectId>
  <ServerTaskId>-1</ServerTaskId>
  <ServerTaskItemId>0</ServerTaskItemId>
  <InObjectInstance>false</InObjectInstance>
  <Role>Rect</Role>
  <HasConnections>false</HasConnections>
</Element>