<?xml version="1.0" encoding="utf-8"?>
<Element xmlns:xsi="http://www.w3.org/2001/XMLSchema-instance" xmlns:xsd="http://www.w3.org/2001/XMLSchema" Name="61105" ShortName="Шаблон экрана" Tag="61105" TreeObject="АРМ 1">
  <ID TaskNumber="0" ItemID="61105" RawItemID="0" TypeHash="0" Path="" STType="" UIDType="Inner">
    <Owner TaskNumber="0" ItemID="61105" RawItemID="0" TypeHash="0" STType="" UIDType="Inner" />
  </ID>
  <UsedSTTypes>
    <string>LREAL</string>
    <string>HMI.SolidColorType</string>
    <string>HMI.GradientColorType</string>
    <string>HMI.BorderStyleType</string>
    <string>STRING</string>
    <string>HMI.ResourceType</string>
    <string>HMI.TileType</string>
    <string>HMI.SizeType</string>
    <string>HMI.ProportionType</string>
    <string>DINT</string>
  </UsedSTTypes>
  <Parameters>
    <Parameter Name="Ширина" ShortName="61107" Tag="61107" Role="Width" Value="1000">
      <ID TaskNumber="0" ItemID="61107" RawItemID="0" TypeHash="1" Path="" STType="LREAL" UIDType="Inner">
        <Owner TaskNumber="0" ItemID="61105" RawItemID="0" TypeHash="0" Path="" STType="" UIDType="Inner">
          <Owner TaskNumber="0" ItemID="61105" RawItemID="0" TypeHash="0" STType="" UIDType="Inner" />
        </Owner>
      </ID>
      <Parent TaskNumber="0" ItemID="61105" RawItemID="0" TypeHash="0" Path="" STType="" UIDType="Inner">
        <Owner TaskNumber="0" ItemID="61105" RawItemID="0" TypeHash="0" STType="" UIDType="Inner" />
      </Parent>
      <IsValueFromTheme>false</IsValueFromTheme>
      <HasSubTypeName>true</HasSubTypeName>
      <Exclude>false</Exclude>
      <Connections />
      <IsDynamized>false</IsDynamized>
      <ContiniuosUpdate>false</ContiniuosUpdate>
    </Parameter>
    <Parameter Name="Высота" ShortName="61108" Tag="61108" Role="Height" Value="775">
      <ID TaskNumber="0" ItemID="61108" RawItemID="0" TypeHash="1" Path="" STType="LREAL" UIDType="Inner">
        <Owner TaskNumber="0" ItemID="61105" RawItemID="0" TypeHash="0" Path="" STType="" UIDType="Inner">
          <Owner TaskNumber="0" ItemID="61105" RawItemID="0" TypeHash="0" STType="" UIDType="Inner" />
        </Owner>
      </ID>
      <Parent TaskNumber="0" ItemID="61105" RawItemID="0" TypeHash="0" Path="" STType="" UIDType="Inner">
        <Owner TaskNumber="0" ItemID="61105" RawItemID="0" TypeHash="0" STType="" UIDType="Inner" />
      </Parent>
      <IsValueFromTheme>false</IsValueFromTheme>
      <HasSubTypeName>true</HasSubTypeName>
      <Exclude>false</Exclude>
      <Connections />
      <IsDynamized>false</IsDynamized>
      <ContiniuosUpdate>false</ContiniuosUpdate>
    </Parameter>
    <Parameter Name="Толщина рамки" ShortName="61109" Tag="61109" Role="BorderThickness" Value="1">
      <ID TaskNumber="0" ItemID="61109" RawItemID="0" TypeHash="1" Path="" STType="LREAL" UIDType="Inner">
        <Owner TaskNumber="0" ItemID="61105" RawItemID="0" TypeHash="0" Path="" STType="" UIDType="Inner">
          <Owner TaskNumber="0" ItemID="61105" RawItemID="0" TypeHash="0" STType="" UIDType="Inner" />
        </Owner>
      </ID>
      <Parent TaskNumber="0" ItemID="61105" RawItemID="0" TypeHash="0" Path="" STType="" UIDType="Inner">
        <Owner TaskNumber="0" ItemID="61105" RawItemID="0" TypeHash="0" STType="" UIDType="Inner" />
      </Parent>
      <IsValueFromTheme>false</IsValueFromTheme>
      <HasSubTypeName>true</HasSubTypeName>
      <Exclude>false</Exclude>
      <Connections />
      <IsDynamized>false</IsDynamized>
      <ContiniuosUpdate>false</ContiniuosUpdate>
    </Parameter>
    <Parameter Name="Цвет рамки" ShortName="61110" Tag="61110" Role="BorderColor" Value="rgb(128,128,128)">
      <ID TaskNumber="0" ItemID="61110" RawItemID="0" TypeHash="4" Path="" STType="HMI.SolidColorType" UIDType="Inner">
        <Owner TaskNumber="0" ItemID="61105" RawItemID="0" TypeHash="0" Path="" STType="" UIDType="Inner">
          <Owner TaskNumber="0" ItemID="61105" RawItemID="0" TypeHash="0" STType="" UIDType="Inner" />
        </Owner>
      </ID>
      <Parent TaskNumber="0" ItemID="61105" RawItemID="0" TypeHash="0" Path="" STType="" UIDType="Inner">
        <Owner TaskNumber="0" ItemID="61105" RawItemID="0" TypeHash="0" STType="" UIDType="Inner" />
      </Parent>
      <IsValueFromTheme>false</IsValueFromTheme>
      <HasSubTypeName>true</HasSubTypeName>
      <Exclude>false</Exclude>
      <Connections />
      <IsDynamized>false</IsDynamized>
      <ContiniuosUpdate>false</ContiniuosUpdate>
    </Parameter>
    <Parameter Name="Заливка фона" ShortName="61111" Tag="61111" Role="BackgroundColor" Value="rgb(245,240,245)">
      <ID TaskNumber="0" ItemID="61111" RawItemID="0" TypeHash="4" Path="" STType="HMI.GradientColorType" UIDType="Inner">
        <Owner TaskNumber="0" ItemID="61105" RawItemID="0" TypeHash="0" Path="" STType="" UIDType="Inner">
          <Owner TaskNumber="0" ItemID="61105" RawItemID="0" TypeHash="0" STType="" UIDType="Inner" />
        </Owner>
      </ID>
      <Parent TaskNumber="0" ItemID="61105" RawItemID="0" TypeHash="0" Path="" STType="" UIDType="Inner">
        <Owner TaskNumber="0" ItemID="61105" RawItemID="0" TypeHash="0" STType="" UIDType="Inner" />
      </Parent>
      <IsValueFromTheme>false</IsValueFromTheme>
      <HasSubTypeName>true</HasSubTypeName>
      <Exclude>false</Exclude>
      <Connections />
      <IsDynamized>false</IsDynamized>
      <ContiniuosUpdate>false</ContiniuosUpdate>
    </Parameter>
    <Parameter Name="Прозрачность" ShortName="61112" Tag="61112" Role="Opacity" Value="100">
      <ID TaskNumber="0" ItemID="61112" RawItemID="0" TypeHash="1" Path="" STType="LREAL" UIDType="Inner">
        <Owner TaskNumber="0" ItemID="61105" RawItemID="0" TypeHash="0" Path="" STType="" UIDType="Inner">
          <Owner TaskNumber="0" ItemID="61105" RawItemID="0" TypeHash="0" STType="" UIDType="Inner" />
        </Owner>
      </ID>
      <Parent TaskNumber="0" ItemID="61105" RawItemID="0" TypeHash="0" Path="" STType="" UIDType="Inner">
        <Owner TaskNumber="0" ItemID="61105" RawItemID="0" TypeHash="0" STType="" UIDType="Inner" />
      </Parent>
      <IsValueFromTheme>false</IsValueFromTheme>
      <HasSubTypeName>true</HasSubTypeName>
      <Exclude>false</Exclude>
      <Connections />
      <IsDynamized>false</IsDynamized>
      <ContiniuosUpdate>false</ContiniuosUpdate>
    </Parameter>
    <Parameter Name="Стиль рамки" ShortName="61113" Tag="61113" Role="BorderStyle" Value="0">
      <ID TaskNumber="0" ItemID="61113" RawItemID="0" TypeHash="5" Path="" STType="HMI.BorderStyleType" UIDType="Inner">
        <Owner TaskNumber="0" ItemID="61105" RawItemID="0" TypeHash="0" Path="" STType="" UIDType="Inner">
          <Owner TaskNumber="0" ItemID="61105" RawItemID="0" TypeHash="0" STType="" UIDType="Inner" />
        </Owner>
      </ID>
      <Parent TaskNumber="0" ItemID="61105" RawItemID="0" TypeHash="0" Path="" STType="" UIDType="Inner">
        <Owner TaskNumber="0" ItemID="61105" RawItemID="0" TypeHash="0" STType="" UIDType="Inner" />
      </Parent>
      <IsValueFromTheme>false</IsValueFromTheme>
      <HasSubTypeName>true</HasSubTypeName>
      <Exclude>false</Exclude>
      <Connections />
      <IsDynamized>false</IsDynamized>
      <ContiniuosUpdate>false</ContiniuosUpdate>
    </Parameter>
    <Parameter Name="Всплывающая подсказка" ShortName="61114" Tag="61114" Role="ToolTip" Value="">
      <ID TaskNumber="0" ItemID="61114" RawItemID="0" TypeHash="4" Path="" STType="STRING" UIDType="Inner">
        <Owner TaskNumber="0" ItemID="61105" RawItemID="0" TypeHash="0" Path="" STType="" UIDType="Inner">
          <Owner TaskNumber="0" ItemID="61105" RawItemID="0" TypeHash="0" STType="" UIDType="Inner" />
        </Owner>
      </ID>
      <Parent TaskNumber="0" ItemID="61105" RawItemID="0" TypeHash="0" Path="" STType="" UIDType="Inner">
        <Owner TaskNumber="0" ItemID="61105" RawItemID="0" TypeHash="0" STType="" UIDType="Inner" />
      </Parent>
      <IsValueFromTheme>false</IsValueFromTheme>
      <HasSubTypeName>true</HasSubTypeName>
      <Exclude>false</Exclude>
      <Connections />
      <IsDynamized>false</IsDynamized>
      <ContiniuosUpdate>false</ContiniuosUpdate>
    </Parameter>
    <Parameter Name="Изображение фона" ShortName="61115" Tag="61115" Role="Resource" Value="">
      <ID TaskNumber="0" ItemID="61115" RawItemID="0" TypeHash="4" Path="" STType="HMI.ResourceType" UIDType="Inner">
        <Owner TaskNumber="0" ItemID="61105" RawItemID="0" TypeHash="0" Path="" STType="" UIDType="Inner">
          <Owner TaskNumber="0" ItemID="61105" RawItemID="0" TypeHash="0" STType="" UIDType="Inner" />
        </Owner>
      </ID>
      <Parent TaskNumber="0" ItemID="61105" RawItemID="0" TypeHash="0" Path="" STType="" UIDType="Inner">
        <Owner TaskNumber="0" ItemID="61105" RawItemID="0" TypeHash="0" STType="" UIDType="Inner" />
      </Parent>
      <IsValueFromTheme>false</IsValueFromTheme>
      <HasSubTypeName>true</HasSubTypeName>
      <Exclude>false</Exclude>
      <Connections />
      <IsDynamized>false</IsDynamized>
      <ContiniuosUpdate>false</ContiniuosUpdate>
    </Parameter>
    <Parameter Name="Замостка фона" ShortName="61116" Tag="61116" Role="BackgroundTile" Value="2">
      <ID TaskNumber="0" ItemID="61116" RawItemID="0" TypeHash="5" Path="" STType="HMI.TileType" UIDType="Inner">
        <Owner TaskNumber="0" ItemID="61105" RawItemID="0" TypeHash="0" Path="" STType="" UIDType="Inner">
          <Owner TaskNumber="0" ItemID="61105" RawItemID="0" TypeHash="0" STType="" UIDType="Inner" />
        </Owner>
      </ID>
      <Parent TaskNumber="0" ItemID="61105" RawItemID="0" TypeHash="0" Path="" STType="" UIDType="Inner">
        <Owner TaskNumber="0" ItemID="61105" RawItemID="0" TypeHash="0" STType="" UIDType="Inner" />
      </Parent>
      <IsValueFromTheme>false</IsValueFromTheme>
      <HasSubTypeName>true</HasSubTypeName>
      <Exclude>false</Exclude>
      <Connections />
      <IsDynamized>false</IsDynamized>
      <ContiniuosUpdate>false</ContiniuosUpdate>
    </Parameter>
    <Parameter Name="XType" ShortName="XType" Tag="0" Role="XType" Value="1">
      <ID TaskNumber="0" ItemID="4294967295" RawItemID="0" TypeHash="5" Path="" STType="HMI.SizeType" UIDType="Inner" />
      <IsValueFromTheme>false</IsValueFromTheme>
      <HasSubTypeName>true</HasSubTypeName>
      <Exclude>false</Exclude>
      <IsDynamized>false</IsDynamized>
      <ContiniuosUpdate>false</ContiniuosUpdate>
    </Parameter>
    <Parameter Name="YType" ShortName="YType" Tag="0" Role="YType" Value="1">
      <ID TaskNumber="0" ItemID="4294967294" RawItemID="0" TypeHash="5" Path="" STType="HMI.SizeType" UIDType="Inner" />
      <IsValueFromTheme>false</IsValueFromTheme>
      <HasSubTypeName>true</HasSubTypeName>
      <Exclude>false</Exclude>
      <IsDynamized>false</IsDynamized>
      <ContiniuosUpdate>false</ContiniuosUpdate>
    </Parameter>
    <Parameter Name="ProportionType" ShortName="ProportionType" Tag="0" Role="ProportionType" Value="4">
      <ID TaskNumber="0" ItemID="4294967293" RawItemID="0" TypeHash="5" Path="" STType="HMI.ProportionType" UIDType="Inner" />
      <IsValueFromTheme>false</IsValueFromTheme>
      <HasSubTypeName>true</HasSubTypeName>
      <Exclude>false</Exclude>
      <IsDynamized>false</IsDynamized>
      <ContiniuosUpdate>false</ContiniuosUpdate>
    </Parameter>
    <Parameter Name="WidthType" ShortName="WidthType" Tag="0" Role="WidthType" Value="1">
      <ID TaskNumber="0" ItemID="4294967292" RawItemID="0" TypeHash="5" Path="" STType="HMI.SizeType" UIDType="Inner" />
      <IsValueFromTheme>false</IsValueFromTheme>
      <HasSubTypeName>true</HasSubTypeName>
      <Exclude>false</Exclude>
      <IsDynamized>false</IsDynamized>
      <ContiniuosUpdate>false</ContiniuosUpdate>
    </Parameter>
    <Parameter Name="HeightType" ShortName="HeightType" Tag="0" Role="HeightType" Value="1">
      <ID TaskNumber="0" ItemID="4294967291" RawItemID="0" TypeHash="5" Path="" STType="HMI.SizeType" UIDType="Inner" />
      <IsValueFromTheme>false</IsValueFromTheme>
      <HasSubTypeName>true</HasSubTypeName>
      <Exclude>false</Exclude>
      <IsDynamized>false</IsDynamized>
      <ContiniuosUpdate>false</ContiniuosUpdate>
    </Parameter>
  </Parameters>
  <Elements>
    <Element Name="61118" ShortName="Контейнер стартового окна" Tag="61118" TreeObject="АРМ 1">
      <ID TaskNumber="0" ItemID="61118" RawItemID="0" TypeHash="0" Path="" STType="" UIDType="Inner">
        <Owner TaskNumber="0" ItemID="61118" RawItemID="0" TypeHash="0" STType="" UIDType="Inner" />
      </ID>
      <Parent TaskNumber="0" ItemID="61105" RawItemID="0" TypeHash="0" Path="" STType="" UIDType="Inner">
        <Owner TaskNumber="0" ItemID="61105" RawItemID="0" TypeHash="0" STType="" UIDType="Inner" />
      </Parent>
      <UsedSTTypes>
        <string>HMI.ResourceType</string>
        <string>DINT</string>
        <string>LREAL</string>
        <string>HMI.SizeType</string>
        <string>HMI.ProportionType</string>
      </UsedSTTypes>
      <TypeID TaskNumber="0" ItemID="5961" RawItemID="0" TypeHash="0" Path="" STType="" UIDType="Inner">
        <Owner TaskNumber="0" ItemID="5961" RawItemID="0" TypeHash="0" STType="" UIDType="Inner" />
      </TypeID>
      <Parameters>
        <Parameter Name="Образ" ShortName="61121" Tag="61121" Role="SkinResource" Value="">
          <ID TaskNumber="0" ItemID="61121" RawItemID="0" TypeHash="4" Path="" STType="HMI.ResourceType" UIDType="Inner">
            <Owner TaskNumber="0" ItemID="61118" RawItemID="0" TypeHash="0" Path="" STType="" UIDType="Inner">
              <Owner TaskNumber="0" ItemID="61118" RawItemID="0" TypeHash="0" STType="" UIDType="Inner" />
            </Owner>
          </ID>
          <Parent TaskNumber="0" ItemID="61118" RawItemID="0" TypeHash="0" Path="" STType="" UIDType="Inner">
            <Owner TaskNumber="0" ItemID="61118" RawItemID="0" TypeHash="0" STType="" UIDType="Inner" />
          </Parent>
          <IsValueFromTheme>false</IsValueFromTheme>
          <HasSubTypeName>true</HasSubTypeName>
          <Exclude>false</Exclude>
          <Connections />
          <IsDynamized>false</IsDynamized>
          <ContiniuosUpdate>false</ContiniuosUpdate>
        </Parameter>
        <Parameter Name="Порядок Z" ShortName="61124" Tag="61124" Role="Z" Value="0">
          <ID TaskNumber="0" ItemID="61124" RawItemID="0" TypeHash="6" Path="" STType="DINT" UIDType="Inner">
            <Owner TaskNumber="0" ItemID="61118" RawItemID="0" TypeHash="0" Path="" STType="" UIDType="Inner">
              <Owner TaskNumber="0" ItemID="61118" RawItemID="0" TypeHash="0" STType="" UIDType="Inner" />
            </Owner>
          </ID>
          <Parent TaskNumber="0" ItemID="61118" RawItemID="0" TypeHash="0" Path="" STType="" UIDType="Inner">
            <Owner TaskNumber="0" ItemID="61118" RawItemID="0" TypeHash="0" STType="" UIDType="Inner" />
          </Parent>
          <IsValueFromTheme>false</IsValueFromTheme>
          <HasSubTypeName>true</HasSubTypeName>
          <Exclude>false</Exclude>
          <Connections />
          <IsDynamized>false</IsDynamized>
          <ContiniuosUpdate>false</ContiniuosUpdate>
        </Parameter>
        <Parameter Name="Ширина" ShortName="61125" Tag="61125" Role="Width" Value="1000">
          <ID TaskNumber="0" ItemID="61125" RawItemID="0" TypeHash="1" Path="" STType="LREAL" UIDType="Inner">
            <Owner TaskNumber="0" ItemID="61118" RawItemID="0" TypeHash="0" Path="" STType="" UIDType="Inner">
              <Owner TaskNumber="0" ItemID="61118" RawItemID="0" TypeHash="0" STType="" UIDType="Inner" />
            </Owner>
          </ID>
          <Parent TaskNumber="0" ItemID="61118" RawItemID="0" TypeHash="0" Path="" STType="" UIDType="Inner">
            <Owner TaskNumber="0" ItemID="61118" RawItemID="0" TypeHash="0" STType="" UIDType="Inner" />
          </Parent>
          <IsValueFromTheme>false</IsValueFromTheme>
          <HasSubTypeName>true</HasSubTypeName>
          <Exclude>false</Exclude>
          <Connections />
          <IsDynamized>false</IsDynamized>
          <ContiniuosUpdate>false</ContiniuosUpdate>
        </Parameter>
        <Parameter Name="Высота" ShortName="61122" Tag="61122" Role="Height" Value="775">
          <ID TaskNumber="0" ItemID="61122" RawItemID="0" TypeHash="1" Path="" STType="LREAL" UIDType="Inner">
            <Owner TaskNumber="0" ItemID="61118" RawItemID="0" TypeHash="0" Path="" STType="" UIDType="Inner">
              <Owner TaskNumber="0" ItemID="61118" RawItemID="0" TypeHash="0" STType="" UIDType="Inner" />
            </Owner>
          </ID>
          <Parent TaskNumber="0" ItemID="61118" RawItemID="0" TypeHash="0" Path="" STType="" UIDType="Inner">
            <Owner TaskNumber="0" ItemID="61118" RawItemID="0" TypeHash="0" STType="" UIDType="Inner" />
          </Parent>
          <IsValueFromTheme>false</IsValueFromTheme>
          <HasSubTypeName>true</HasSubTypeName>
          <Exclude>false</Exclude>
          <Connections />
          <IsDynamized>false</IsDynamized>
          <ContiniuosUpdate>false</ContiniuosUpdate>
        </Parameter>
        <Parameter Name="Клавиатурный индекс" ShortName="61123" Tag="61123" Role="TabIndex" Value="0">
          <ID TaskNumber="0" ItemID="61123" RawItemID="0" TypeHash="6" Path="" STType="DINT" UIDType="Inner">
            <Owner TaskNumber="0" ItemID="61118" RawItemID="0" TypeHash="0" Path="" STType="" UIDType="Inner">
              <Owner TaskNumber="0" ItemID="61118" RawItemID="0" TypeHash="0" STType="" UIDType="Inner" />
            </Owner>
          </ID>
          <Parent TaskNumber="0" ItemID="61118" RawItemID="0" TypeHash="0" Path="" STType="" UIDType="Inner">
            <Owner TaskNumber="0" ItemID="61118" RawItemID="0" TypeHash="0" STType="" UIDType="Inner" />
          </Parent>
          <IsValueFromTheme>false</IsValueFromTheme>
          <HasSubTypeName>true</HasSubTypeName>
          <Exclude>false</Exclude>
          <Connections />
          <IsDynamized>false</IsDynamized>
          <ContiniuosUpdate>false</ContiniuosUpdate>
        </Parameter>
        <Parameter Name="Изображение фона" ShortName="61120" Tag="61120" Role="Resource" Value="">
          <ID TaskNumber="0" ItemID="61120" RawItemID="0" TypeHash="4" Path="" STType="HMI.ResourceType" UIDType="Inner">
            <Owner TaskNumber="0" ItemID="61118" RawItemID="0" TypeHash="0" Path="" STType="" UIDType="Inner">
              <Owner TaskNumber="0" ItemID="61118" RawItemID="0" TypeHash="0" STType="" UIDType="Inner" />
            </Owner>
          </ID>
          <Parent TaskNumber="0" ItemID="61118" RawItemID="0" TypeHash="0" Path="" STType="" UIDType="Inner">
            <Owner TaskNumber="0" ItemID="61118" RawItemID="0" TypeHash="0" STType="" UIDType="Inner" />
          </Parent>
          <IsValueFromTheme>false</IsValueFromTheme>
          <HasSubTypeName>true</HasSubTypeName>
          <Exclude>false</Exclude>
          <Connections />
          <IsDynamized>false</IsDynamized>
          <ContiniuosUpdate>false</ContiniuosUpdate>
        </Parameter>
        <Parameter Name="Координата X" ShortName="61126" Tag="61126" Role="X" Value="0">
          <ID TaskNumber="0" ItemID="61126" RawItemID="0" TypeHash="1" Path="" STType="LREAL" UIDType="Inner">
            <Owner TaskNumber="0" ItemID="61118" RawItemID="0" TypeHash="0" Path="" STType="" UIDType="Inner">
              <Owner TaskNumber="0" ItemID="61118" RawItemID="0" TypeHash="0" STType="" UIDType="Inner" />
            </Owner>
          </ID>
          <Parent TaskNumber="0" ItemID="61118" RawItemID="0" TypeHash="0" Path="" STType="" UIDType="Inner">
            <Owner TaskNumber="0" ItemID="61118" RawItemID="0" TypeHash="0" STType="" UIDType="Inner" />
          </Parent>
          <IsValueFromTheme>false</IsValueFromTheme>
          <HasSubTypeName>true</HasSubTypeName>
          <Exclude>false</Exclude>
          <Connections />
          <IsDynamized>false</IsDynamized>
          <ContiniuosUpdate>false</ContiniuosUpdate>
        </Parameter>
        <Parameter Name="Координата Y" ShortName="61127" Tag="61127" Role="Y" Value="0">
          <ID TaskNumber="0" ItemID="61127" RawItemID="0" TypeHash="1" Path="" STType="LREAL" UIDType="Inner">
            <Owner TaskNumber="0" ItemID="61118" RawItemID="0" TypeHash="0" Path="" STType="" UIDType="Inner">
              <Owner TaskNumber="0" ItemID="61118" RawItemID="0" TypeHash="0" STType="" UIDType="Inner" />
            </Owner>
          </ID>
          <Parent TaskNumber="0" ItemID="61118" RawItemID="0" TypeHash="0" Path="" STType="" UIDType="Inner">
            <Owner TaskNumber="0" ItemID="61118" RawItemID="0" TypeHash="0" STType="" UIDType="Inner" />
          </Parent>
          <IsValueFromTheme>false</IsValueFromTheme>
          <HasSubTypeName>true</HasSubTypeName>
          <Exclude>false</Exclude>
          <Connections />
          <IsDynamized>false</IsDynamized>
          <ContiniuosUpdate>false</ContiniuosUpdate>
        </Parameter>
        <Parameter Name="XType" ShortName="XType" Tag="0" Role="XType" Value="1">
          <ID TaskNumber="0" ItemID="4294967290" RawItemID="0" TypeHash="5" Path="" STType="HMI.SizeType" UIDType="Inner" />
          <Parent TaskNumber="0" ItemID="61105" RawItemID="0" TypeHash="0" Path="" STType="" UIDType="Inner">
            <Owner TaskNumber="0" ItemID="61105" RawItemID="0" TypeHash="0" STType="" UIDType="Inner" />
          </Parent>
          <IsValueFromTheme>false</IsValueFromTheme>
          <HasSubTypeName>true</HasSubTypeName>
          <Exclude>false</Exclude>
          <IsDynamized>false</IsDynamized>
          <ContiniuosUpdate>false</ContiniuosUpdate>
        </Parameter>
        <Parameter Name="YType" ShortName="YType" Tag="0" Role="YType" Value="1">
          <ID TaskNumber="0" ItemID="4294967289" RawItemID="0" TypeHash="5" Path="" STType="HMI.SizeType" UIDType="Inner" />
          <Parent TaskNumber="0" ItemID="61105" RawItemID="0" TypeHash="0" Path="" STType="" UIDType="Inner">
            <Owner TaskNumber="0" ItemID="61105" RawItemID="0" TypeHash="0" STType="" UIDType="Inner" />
          </Parent>
          <IsValueFromTheme>false</IsValueFromTheme>
          <HasSubTypeName>true</HasSubTypeName>
          <Exclude>false</Exclude>
          <IsDynamized>false</IsDynamized>
          <ContiniuosUpdate>false</ContiniuosUpdate>
        </Parameter>
        <Parameter Name="ProportionType" ShortName="ProportionType" Tag="0" Role="ProportionType" Value="0">
          <ID TaskNumber="0" ItemID="4294967288" RawItemID="0" TypeHash="5" Path="" STType="HMI.ProportionType" UIDType="Inner" />
          <Parent TaskNumber="0" ItemID="61105" RawItemID="0" TypeHash="0" Path="" STType="" UIDType="Inner">
            <Owner TaskNumber="0" ItemID="61105" RawItemID="0" TypeHash="0" STType="" UIDType="Inner" />
          </Parent>
          <IsValueFromTheme>false</IsValueFromTheme>
          <HasSubTypeName>true</HasSubTypeName>
          <Exclude>false</Exclude>
          <IsDynamized>false</IsDynamized>
          <ContiniuosUpdate>false</ContiniuosUpdate>
        </Parameter>
        <Parameter Name="WidthType" ShortName="WidthType" Tag="0" Role="WidthType" Value="1">
          <ID TaskNumber="0" ItemID="4294967287" RawItemID="0" TypeHash="5" Path="" STType="HMI.SizeType" UIDType="Inner" />
          <Parent TaskNumber="0" ItemID="61105" RawItemID="0" TypeHash="0" Path="" STType="" UIDType="Inner">
            <Owner TaskNumber="0" ItemID="61105" RawItemID="0" TypeHash="0" STType="" UIDType="Inner" />
          </Parent>
          <IsValueFromTheme>false</IsValueFromTheme>
          <HasSubTypeName>true</HasSubTypeName>
          <Exclude>false</Exclude>
          <IsDynamized>false</IsDynamized>
          <ContiniuosUpdate>false</ContiniuosUpdate>
        </Parameter>
        <Parameter Name="HeightType" ShortName="HeightType" Tag="0" Role="HeightType" Value="1">
          <ID TaskNumber="0" ItemID="4294967286" RawItemID="0" TypeHash="5" Path="" STType="HMI.SizeType" UIDType="Inner" />
          <Parent TaskNumber="0" ItemID="61105" RawItemID="0" TypeHash="0" Path="" STType="" UIDType="Inner">
            <Owner TaskNumber="0" ItemID="61105" RawItemID="0" TypeHash="0" STType="" UIDType="Inner" />
          </Parent>
          <IsValueFromTheme>false</IsValueFromTheme>
          <HasSubTypeName>true</HasSubTypeName>
          <Exclude>false</Exclude>
          <IsDynamized>false</IsDynamized>
          <ContiniuosUpdate>false</ContiniuosUpdate>
        </Parameter>
      </Parameters>
      <ObjectId>0</ObjectId>
      <ServerTaskId>-1</ServerTaskId>
      <ServerTaskItemId>0</ServerTaskItemId>
      <InObjectInstance>false</InObjectInstance>
      <HasConnections>false</HasConnections>
    </Element>
  </Elements>
  <ObjectId>0</ObjectId>
  <ServerTaskId>-1</ServerTaskId>
  <ServerTaskItemId>0</ServerTaskItemId>
  <InObjectInstance>false</InObjectInstance>
  <Role>Window</Role>
  <HasConnections>false</HasConnections>
</Element>