<?xml version="1.0" encoding="utf-8"?>
<PersistProjectInfo xmlns:xsi="http://www.w3.org/2001/XMLSchema-instance" xmlns:xsd="http://www.w3.org/2001/XMLSchema">
  <ProjectId>0</ProjectId>
  <ProjectName>Gidrolock Standard - Sensors Only</ProjectName>
  <TypeName>MasterSCADA.Project.HMI</TypeName>
  <ProjectConfiguration>MasterPLC</ProjectConfiguration>
  <StoreTypeName>FirebirdStore</StoreTypeName>
  <ProjectChange>2024-09-04T14:48:49.7597025+03:00</ProjectChange>
  <ProjectVersion>6741</ProjectVersion>
  <DatabaseVersion>WI-V2.5.8.27089 Firebird 2.5</DatabaseVersion>
</PersistProjectInfo>